X1,X2,X3,X4,X5,Y
340.822659361052,4,0.184256072801005,0.25,0.0113784114887473,543.034039103
-19.8436109754036,2,0.348815950446019,1,0.000110104468482005,1.24648902227672
151.207468384965,2,0.000537541665024574,1,0.172028747847102,258.078924905604
400.43267832647,2,0.0873301134874981,1,0.562535828289871,580.975945578906
130.551372363858,3,0.0111026986061122,0.444444444444444,0.00506472098840599,233.861960782012
245.843841050192,3,0.567547304438394,0.444444444444444,0.512356388139504,386.947756395584
117.48495751022,6,0.118162399470492,0.111111111111111,7.39160410013578e-12,242.947159216402
272.024517184756,3,0.0249933553666275,0.444444444444444,0.0845286965198916,452.241425028891
220.28011839014,4,0.0364192941747775,0.25,1.03862800809237,357.141581055623
172.871172201678,1,0.109843787030173,4,0.00779156893967661,259.964955871236
125.27449257103,1,0.357133634760436,4,0.015721395090945,203.992787832051
430.991138145438,5,0.0390579157749197,0.16,0.0817152216934941,686.545866359999
184.603207283033,4,0.0620876434801545,0.25,0.586881481976339,277.616535433285
126.60009970864,5,0.092660734831536,0.16,0.191585077579477,239.582435705086
364.055035834162,1,0.0130055962272854,4,2.51413549886002,547.982399242553
184.337065284545,4,0.337916563657352,0.25,0.168801197184001,264.132494320234
86.452667383704,3,0.0590636846989918,0.444444444444444,0.0158130821783378,161.52067089046
417.313095485469,2,0.231368490404741,1,0.287453260877323,625.815523015839
131.074259458487,2,0.436925818340285,1,0.00192658012910474,191.856983393905
312.712952993068,5,0.0831975728950962,0.16,0.185861683629018,519.859691450169
52.7843757359023,1,0.329489066516906,4,5.38209501911503e-09,99.1961976658575
119.36545219362,2,0.128033328005571,1,0.0203199505150984,187.923497713997
62.4260060386688,3,0.397134386938128,0.444444444444444,0.00177326597417539,104.338324247792
373.403962894297,5,0.102019236371142,0.16,0.442642144408954,603.643489939505
264.953853147423,3,0.203417933344172,0.444444444444444,0.0180017353996687,402.903711579337
311.808318602095,4,0.218161826791071,0.25,0.257793216507024,492.215484567999
171.358887929388,4,0.0911315714850274,0.25,8.51666030733698e-12,258.138478305042
195.363072300296,5,0.295960837221919,0.16,0.368773002012784,338.571332480955
214.113459459398,3,0.22031173901129,0.444444444444444,0.041791418628973,379.493849872174
301.619102277848,6,0.387407674792226,0.111111111111111,0.00609895071285733,462.350685416661
279.825812757373,6,0.0542981449440425,0.111111111111111,0.118162542648199,458.609287396362
93.7399549342911,2,0.307861869047776,1,3.68163290426538e-21,162.197405395214
270.576949510143,3,0.251113181513316,0.444444444444444,0.0811629318185312,406.908750812539
263.575114206483,3,0.560248048380126,0.444444444444444,0.128844590109275,398.738782630206
331.288187843162,3,0.0234203230673188,0.444444444444444,0.000806902215047889,494.691421266952
380.094114160647,6,0.0102764415481853,0.111111111111111,0.0331693335709247,596.184090573622
187.352159810444,4,0.325249998614209,0.25,7.78915759937546e-05,282.942856455651
238.345526178869,6,0.139469294492594,0.111111111111111,0.222237261729358,406.178253965365
200.537877588878,4,0.377042747940751,0.25,6.96824859797166e-08,343.354483927238
194.46261249938,5,0.0495748596049224,0.16,0.00191094996762468,307.998068362458
331.249972152904,3,0.0550090166217661,0.444444444444444,0.00138155417344368,505.148736087909
290.294669005095,3,0.140454244831031,0.444444444444444,0.0928804180507286,433.198142278352
281.197668737877,1,0.108534850651918,4,0.112269809481818,412.805111680239
399.923420658136,1,0.0285325757586656,4,0.0226765880396796,567.364256219579
251.389546593254,2,0.564450481829606,1,0.00196631727852167,383.622996979586
323.392916399818,6,1.16104546897928,0.111111111111111,0.0835970112665256,541.008617146573
325.964664649446,5,0.805528523974376,0.16,0.291916123641242,558.458184316922
274.653291302941,4,0.00841352738482958,0.25,0.000330393866626298,444.976030516166
365.191009641749,1,0.030259495412544,4,0.64727173914021,547.767598496957
136.986151519584,1,0.0536138249919036,4,0.0227900212438493,220.129799647133
294.104831360438,5,0.220495668952412,0.16,0.0241998246398656,468.69848920711
317.552446472606,3,0.103612301838438,0.444444444444444,0.360343482145332,479.846762076172
168.665405863475,6,0.129642562857655,0.111111111111111,1.43322127594593e-05,317.831489171213
297.178644237252,1,0.100410912685912,4,1.60031105470412e-05,428.377470710587
328.815138394553,2,0.0167000629125992,1,0.119836847464722,499.216681425819
41.93468422953,2,0.26184590024688,1,1.35675045141203e-11,96.3516063155171
245.333271332971,4,0.830878522553015,0.25,0.297321583000793,378.915866032035
167.464754791637,2,0.233293895997415,1,5.94299993276477e-09,246.665867113244
462.898537119777,1,0.216133184481011,4,0.0538851126801764,709.627874744264
118.607243255438,2,0.512261105236938,1,8.40447266053603e-05,223.705177873253
227.181014998318,4,0.0242142928900042,0.25,3.6501689359693,388.715602750016
212.624459450121,2,0.481099263664613,1,0.00244409926642313,291.430995361854
247.301719372292,2,0.185586160785493,1,0.116208797875218,403.824524397508
234.031202614163,3,0.231119667073476,0.444444444444444,2.4130634098179e-10,369.562729751846
279.314220023771,3,0.0388163768216217,0.444444444444444,1.19009109189974,452.396218679524
241.718164710202,5,0.152963395310947,0.16,0.00576391090178667,391.05560790933
252.730540472214,1,0.330303789923234,4,0.00390506793423577,366.915710321313
306.843964613369,5,0.303437834380893,0.16,2.56220783160787e-05,494.732712258283
40.7492013278744,4,0.981653268019827,0.25,5.28094033783124e-06,92.7768262730925
207.446670276939,4,0.0100131952217666,0.25,0.0160911656282063,348.206355419175
144.050138064512,4,0.143307892033287,0.25,0.216551620302572,262.751965193545
365.057912978333,2,0.186986367251822,1,0.0126451101513331,563.992343516775
190.596677828792,4,0.273895261356807,0.25,0.00145080611998826,318.30515682442
168.903708711951,3,0.16811221129568,0.444444444444444,7.96498517213586e-05,310.13332517615
103.217945636511,4,0.186468997894492,0.25,0.0123451267145763,184.41177424519
392.421845481723,6,0.795513836661033,0.111111111111111,0.58777582482482,643.332954734457
246.641255092584,2,0.0470637611982111,1,0.107402888685238,365.993338033659
345.590582102645,3,0.0285896864453231,0.444444444444444,0.0326008582260638,543.920688636451
394.550098374326,5,0.435822615082078,0.16,1.800997905743,603.879306393263
131.741144103787,3,0.00373589367446753,0.444444444444444,0.00733738293540968,198.833475328734
269.529396622836,6,0.0876352797359637,0.111111111111111,0.0371911898459336,426.959447735224
240.892087646306,4,0.297790646450155,0.25,2.13999673807742e-06,366.089374238575
186.996081126505,4,0.311825385778414,0.25,0.218115770707297,311.49025489665
297.193486095285,1,0.169173788329286,4,0.184577601142192,434.466000946964
345.888646615721,5,0.386528062726576,0.16,1.0157709318517e-05,552.419487666862
130.636241629955,3,0.309467614107868,0.444444444444444,0.0428132934488453,215.441845508989
231.8582195515,4,0.162473576937643,0.25,0.0235683215131932,342.107181127373
268.784851288041,3,0.175767348143613,0.444444444444444,0.37491504205857,400.094589463406
354.512522138585,1,0.0803493582238617,4,0.935685673883678,519.126745063802
228.616616526244,6,0.381361733978656,0.111111111111111,0.000926652359937515,424.642792632745
199.315302453534,4,0.0813150304748688,0.25,0.00261844215685881,312.480233528642
235.529450811374,2,1.09344182382647,1,0.0848788678639939,385.791867833394
82.2670670972794,6,0.0490113407067021,0.111111111111111,0.00689962292892004,171.90067594303
336.439040646597,6,0.00364003981904056,0.111111111111111,7.94282676333882e-06,529.064690668621
207.406059918443,4,0.00682835291506686,0.25,0.365445170348294,354.850142530644
134.041285846949,3,0.421233497824565,0.444444444444444,0.00335403359781439,241.466845611633
195.368064224228,3,0.522051437148176,0.444444444444444,0.147516632511595,335.38296318682
132.365839109037,1,0.0386698569125313,4,0.142384855326615,180.971083749656
215.033713225145,2,0.686874945568745,1,0.0036994921281672,321.57396472005
359.938905545655,4,0.149788957649507,0.25,5.42535453280212,618.160797532457
310.43234021437,5,0.0372998651849412,0.16,0.00195273247606389,480.103974316992
73.4292231140496,6,0.27902162973067,0.111111111111111,4.56080087506161e-05,160.809025456947
86.351322959914,6,0.160787283306742,0.111111111111111,0.0252898286048635,187.749856676172
223.660597758018,4,0.557433678233382,0.25,0.00071906454086187,362.632950988642
121.292739894493,3,0.267971341724905,0.444444444444444,0.237637796252882,233.001882901579
422.1587369565,3,0.244771632133495,0.444444444444444,0.435045673306421,662.819426707465
245.085874243873,3,0.0818544938205555,0.444444444444444,0.0892702147271009,380.592136761301
300.343318519622,3,0.0898447206424637,0.444444444444444,0.149900704762651,461.028638191023
117.303170273664,6,0.13558232839282,0.111111111111111,1.4948772914474e-07,204.909662504536
264.270134670135,4,0.0374865661021919,0.25,0.431342896057793,430.037048788316
182.650632402037,5,0.241708470933834,0.16,0.110069930230465,296.600890805322
245.457598011143,2,0.417569095493878,1,1.01521918728887,381.557595844761
250.455586126175,5,0.0361576809946591,0.16,0.597112898382217,402.987198745683
271.19341965831,2,0.119546853357566,1,0.0123230264660168,407.160683007643
424.453010042132,5,0.305354195105853,0.16,0.0542940529794831,634.245006259279
189.496000858723,3,0.221034043165997,0.444444444444444,0.0984650116259834,337.33607000423
219.349520982283,5,0.0534398848074059,0.16,0.00938847336431235,363.317926427515
398.320183543791,6,0.0124159717168665,0.111111111111111,0.0330644016615126,645.601334120176
390.024929831849,1,0.0135917662954657,4,2.54803102967858,603.157360207304
221.680004677957,3,0.21408609409308,0.444444444444444,0.308315435821511,352.008380347899
69.5722994882667,4,0.082166194466688,0.25,5.46485107239223e-18,171.051058229687
200.57595964003,3,0.563177821953763,0.444444444444444,0.0372545831767413,347.779697393592
350.825206110405,3,0.399722820001898,0.444444444444444,0.067036761309881,551.630148782507
387.034524352587,4,0.0874259194628862,0.25,6.25861677534957,644.128466528822
398.881217088367,4,0.388611484284079,0.25,0.440970711769695,601.073691838106
146.127410323147,1,0.0127635557284312,4,0.0109434904757784,259.383754800483
111.501607551698,5,0.354969467635264,0.16,0.0248806638332768,224.152962806884
243.408583127916,4,0.119500669499235,0.25,0.1223065131332,395.042028491923
83.6073880044345,5,0.0854718430629209,0.16,0.00272040058336148,158.166842230218
67.2345646411859,2,0.227464068252311,1,1.95678551235843e-10,108.029003470943
338.604841969014,6,0.711406294489187,0.111111111111111,3.93427828937829,558.604600704325
185.957368819736,6,0.166593273974824,0.111111111111111,0.11336799892645,313.837063310656
366.985376293475,3,0.0468310438293782,0.444444444444444,1.56545643631496,576.381027675408
194.32702566377,2,0.0325471779922634,1,0.109328164840768,315.358140871531
58.6798708695978,6,0.0347977209728868,0.111111111111111,0.00395470634528709,131.548130293518
142.36964778326,6,0.202301555147055,0.111111111111111,2.2808825581881e-07,311.187527533955
113.768791707759,1,0.544661968117952,4,4.67154026142863e-05,185.186781991615
92.6245093927405,3,0.759374638692862,0.444444444444444,1.30342768854309e-06,155.758220042803
361.34884842324,2,0.327832809787693,1,0.176457767456858,555.929741316358
276.373854063916,2,0.351443253082292,1,0.0169251204899199,395.037452849197
387.243370579552,3,0.103539717273031,0.444444444444444,2.75499374375849e-05,624.712700161305
266.15187180005,3,0.402343351749827,0.444444444444444,0.000155365265291055,419.169192154419
213.649429181338,6,0.313377680593539,0.111111111111111,0.0870243690082754,340.085240989233
330.925810959539,5,0.0907664323695034,0.16,0.0366184017929,503.897768096844
81.4248580574867,6,0.0442039574859877,0.111111111111111,1.35420612163539e-05,161.788257464099
123.112644759077,3,0.174116557018384,0.444444444444444,0.00229608498722779,193.789520468069
223.637778246237,4,0.041987796274254,0.25,0.0708425898401076,380.707303404319
306.102429299029,4,0.122190386837553,0.25,0.216204617254406,498.407929233499
312.988450518933,3,0.0141312085051181,0.444444444444444,0.0158616867162303,488.189338871706
263.365003495384,3,0.016964480412447,0.444444444444444,0.00816828078107506,390.279202615424
168.997445531752,6,0.493217272849565,0.111111111111111,0.00102377051031258,304.572168714562
175.128365487565,5,0.0859998291018083,0.16,0.000574073077883669,308.899455361815
172.418241524064,4,0.172688237275172,0.25,3.31428771749574e-05,293.896258509431
11.8428575713064,1,0.113019637354389,4,6.64164814862723e-23,47.8314124908883
260.382945399909,4,0.597468098332916,0.25,0.0182120653308844,459.452551672962
159.590243290763,5,0.23913088192379,0.16,0.000288087857933992,249.169966263363
73.6038816650273,5,0.202333017085382,0.16,0.0562135317368432,174.670716659568
144.77587087215,1,0.314580209367186,4,0.000236463165095059,198.164686591997
115.079004720865,1,0.157102700954056,4,0.0201869717055818,212.366040786914
352.935345240911,3,0.169863186870177,0.444444444444444,0.70046925959709,548.290605922654
167.391242065913,6,0.26276936817755,0.111111111111111,0.0376475111691999,292.47338864383
327.129445084927,5,0.102296377097924,0.16,0.0403891411234022,515.320582799907
168.745813404888,2,0.114341884785908,1,7.55230716634655e-09,272.495520670673
372.194342735064,4,0.0479201630455542,0.25,0.631792000620656,566.102489446534
157.633673755315,2,0.338380330357904,1,0.00416991108836383,235.58045282313
352.083566139515,3,0.0968023867457455,0.444444444444444,0.13713707193566,542.845796437139
98.483607290145,1,0.243078562684113,4,1.69716620317367e-10,162.093358327975
367.947497345672,3,0.121830374651453,0.444444444444444,0.074105598902014,553.115194131259
143.598205969702,4,0.161957536870784,0.25,0.00110424542662173,245.735915932412
238.492305549813,2,0.504548687136212,1,0.0741876050107618,358.728742660489
305.858195519837,5,0.549863684466228,0.16,0.844683058961963,507.390167477535
153.293508084602,1,0.10504699564402,4,0.0303771308999888,227.835910144473
116.493646764008,2,0.19169972735666,1,0.00595036746570896,180.489483914431
167.065018729603,3,0.0968048472164815,0.444444444444444,0.000391601938437576,271.417498209588
217.792016513828,2,0.149988797228231,1,0.0210307558429558,346.576184727247
252.544865608133,6,0.49256811813086,0.111111111111111,0.191202797603432,430.608884100943
255.141407135721,2,0.199085364924933,1,0.0018500620515336,345.51557098613
183.28701204571,5,0.471166837168631,0.16,2.75970114837633e-19,337.761445228053
326.442074085895,5,0.287873427785212,0.16,0.0347551026501935,497.81759318364
235.154402898257,3,0.112589863305306,0.444444444444444,0.111641737621947,382.845250412858
294.318247611752,6,0.82583914526305,0.111111111111111,0.0127158019086099,495.864997164159
174.832283815006,1,0.117490700952482,4,0.00123245184255727,246.840043184641
75.747261366641,4,0.023050239452003,0.25,3.95313686066491e-05,166.044574339585
212.537274872765,3,0.16332028004609,0.444444444444444,0.0390528316778783,355.993021067588
286.938017197407,6,0.2020311752254,0.111111111111111,0.00157816849820544,470.50015521769
77.3955820322597,6,0.13541069328632,0.111111111111111,0.00205927432962447,164.651471037802
172.145659079931,2,0.283579232575554,1,0.0747676290493795,252.42494142325
240.093985890735,2,0.176089789467586,1,0.137699849934974,361.609196614098
15.5484203008408,1,0.146866952055081,4,2.65558937152668e-06,59.9634046211705
241.2671481839,1,0.291230583511276,4,0.1441474396433,377.615691089966
289.050821250943,5,0.00841108263349504,0.16,0.00112057298823667,449.514786965537
234.273308305745,4,0.125494351174108,0.25,0.454514369028371,350.489163574254
406.506291064755,1,0.842642383011212,4,0.0471830089567624,606.159331222453
171.042783806276,3,0.265202023387317,0.444444444444444,0.000292396480084585,271.750389821413
403.39177754975,5,0.09385404504261,0.16,0.00136794791340213,596.872120198592
258.445859926429,2,0.410977468208432,1,0.0976249305065738,418.444259926647
282.342239084547,6,0.15547881796951,0.111111111111111,0.275752693808062,454.099040646259
297.352903190679,1,0.490241476059659,4,0.134416081472222,390.683368472546
217.678144922498,5,1.13421255477628,0.16,0.58885226781875,366.615809569826
250.636620205464,4,0.089302101028484,0.25,0.0298134081709275,406.973005123715
249.308889626688,5,0.1475628884831,0.16,0.00124667640942762,395.786559583233
275.35848372849,3,0.159392535869328,0.444444444444444,0.000373923622228432,404.243284640533
93.6641996152874,6,0.878561399598913,0.111111111111111,4.20499396986302e-21,215.193004902687
214.652017525447,6,0.183979839988973,0.111111111111111,0.304070967107201,346.425544593504
133.897795279465,3,0.205186998600973,0.444444444444444,0.0680326945731889,211.42633696915
196.607740081355,6,0.903840507861581,0.111111111111111,8.54380934903838e-07,357.172027260252
323.18351229214,4,0.145115715535535,0.25,0.0725147613195543,522.097833166275
63.8632216151445,3,0.197276781522579,0.444444444444444,0.000140175107971334,149.023257345669
161.583911348519,3,0.667220947049365,0.444444444444444,0.0326037440546856,260.37184622303
89.1740523921153,4,0.199575988133803,0.25,0.000827662658058715,184.185676877329
197.843980991047,6,0.567956605562265,0.111111111111111,0.00387874758389959,329.255008410108
151.389597988981,1,1.28689696867137,4,0.0584353308066921,224.916210436417
235.354384453299,5,0.0518543858156232,0.16,0.00925188255157423,407.871839177363
289.786701990194,6,0.302947649982843,0.111111111111111,0.0132599761439814,448.421312173389
427.057589860371,6,0.312941981725977,0.111111111111111,0.566228391863804,671.055517113793
85.4925262531527,3,0.0559299290332836,0.444444444444444,0.000183440085147809,164.883193649981
58.5233530570237,6,0.130082574238216,0.111111111111111,0.000650345399226225,133.437275987068
157.081329124537,1,0.513633416112033,4,1.2524520828867e-06,242.65700834445
361.290021198784,2,0.0276950102552916,1,0.682156524770551,534.569805592902
215.572410675895,5,0.251552192511723,0.16,0.250322080502535,322.938376910018
143.946449501679,1,0.137719288577277,4,0.0866036587974074,236.204523811992
204.192327162185,3,0.102144347307515,0.444444444444444,0.0088660052284503,318.668192174976
154.356455235039,3,0.0777215952152176,0.444444444444444,0.0112255499465611,218.788289512861
253.586709615641,6,0.318616048996703,0.111111111111111,0.0370504438055639,433.855028401622
115.436188648639,2,0.853179618773206,1,1.3466540266722e-06,176.558941898421
282.365913035275,4,0.161619363833895,0.25,0.107601216656943,434.428128228187
200.351662867193,6,0.352672245747962,0.111111111111111,0.0136374679432458,346.554506962285
223.343824866471,2,0.417772626214428,1,0.00253207352587633,335.413143082078
211.538241777329,2,0.572368142152392,1,0.254523896734315,322.728461047888
177.03371860616,2,0.667649040506469,1,0.000224542244774949,262.15691318567
286.97769728558,1,0.634917917755148,4,0.250394250756635,437.30265989918
223.329342264641,1,0.333169297818047,4,0.0299880848058852,377.223216943211
335.92753523917,3,0.0722609583734154,0.444444444444444,0.296124267120208,489.452906523618
366.403058870604,4,0.293176206256889,0.25,0.007011686339931,544.602391437296
111.33976551251,6,0.0433301526219546,0.111111111111111,0.000864182479036374,259.037845359721
367.643035035781,3,0.219045977488378,0.444444444444444,0.0166287142510984,596.760203995243
209.341987341,3,0.235607265950097,0.444444444444444,0.000394497164597192,344.563697742101
399.969052112653,5,0.28196978553115,0.16,0.0167091760806073,632.194382304626
77.8646448617525,5,0.0520079439911576,0.16,5.37829885872304e-05,171.951529961091
281.100095583384,6,0.0856396746069295,0.111111111111111,8.1397184027847e-08,442.743705636265
386.149899539549,3,0.138796319156346,0.444444444444444,0.0154811674019826,617.779616187379
275.676898081062,1,0.209886340410016,4,0.000953434769454942,450.117868036136
259.434263968364,4,0.976106713373413,0.25,0.0219728682377872,414.067516759337
225.381111975006,2,0.0177447670430519,1,0.0517882163401498,320.377716247059
142.672297685627,1,0.351038311172346,4,0.189389170560028,299.589610858174
296.160732124877,6,0.56761726539429,0.111111111111111,0.0701742912387608,481.811546321544
230.573128281184,3,0.455572013069973,0.444444444444444,0.0264345511110689,364.392565265978
72.8097650910707,6,0.553419042146672,0.111111111111111,0.000218042074382478,187.499181274981
361.657522462021,1,0.130300128013497,4,0.100525916074666,560.169071308562
243.628087527153,6,0.14957571247454,0.111111111111111,0.0220605894288103,403.875638608402
377.796059050832,5,0.0642053490001985,0.16,0.0172801347689458,570.21249343938
432.325878382118,2,0.277977258372873,1,0.198280317442771,638.511035337088
373.620738486185,1,0.121029544247069,4,0.126106783988034,542.86213242452
16.3644538696989,1,0.541119921896046,4,0.126769303657234,14.9531895634472
233.919727180324,1,0.153787346248631,4,2.20269804853796e-06,366.508956953652
195.283088387632,3,0.0500802619345749,0.444444444444444,0.110614786852148,327.952007075426
265.796846780964,1,0.277062730264222,4,0.0642813924300628,381.471038089811
223.632253954199,3,0.331377377609615,0.444444444444444,0.0248844726573205,370.491672130419
313.84334493311,1,0.134630667627127,4,0.00349184658085556,454.828754523195
197.290196494189,5,0.0424246475309788,0.16,1.61907646083335,323.593585293914
170.262921364685,5,0.102884238442504,0.16,0.0432119618106419,284.994140112779
378.036787134384,5,0.723233734444677,0.16,0.00584706753930219,576.099800921737
272.225716271049,5,0.180905068708142,0.16,0.287773396261268,417.444250953484
76.0041139685691,2,0.73176690173176,1,6.54323262007951e-14,117.990879157851
86.3497846434208,4,0.338773906740378,0.25,0.00908268421244138,173.04562049662
222.104671459823,6,0.0104684263783485,0.111111111111111,0.00641273108207981,359.579381936516
404.497894879161,5,0.150615902298248,0.16,0.280546411430251,652.426289521456
108.589038989396,1,0.468773856179472,4,6.1892155506282e-05,182.44608290382
168.276712679451,1,0.352715820318679,4,2.11165870015275e-05,247.396469377484
282.492558930785,6,0.430766383172996,0.111111111111111,1.08790791516935,452.601106078298
243.034715192084,2,0.273405955294635,1,0.00275075748652583,364.814939792816
73.7857089692811,2,0.316764895097805,1,0.00953046159603457,138.903896279783
457.353631382565,5,0.388388426132968,0.16,0.549668084971469,713.727183813346
145.834911890403,2,0.110813653354832,1,1.08626535214095,230.789476728435
246.277201984486,4,0.05346398138143,0.25,0.031250197368175,397.624819563808
179.411685223767,2,0.0232082759935099,1,0.000568239860895704,283.751681673029
260.997162597585,3,0.123736074511395,0.444444444444444,0.00141590098178306,384.365750826604
124.77331508968,3,0.105374596112081,0.444444444444444,0.0957326781847018,192.441838300516
206.593555169708,1,0.248166224305121,4,0.00126825233635068,325.218068424008
214.710814600486,4,0.467239378883625,0.25,0.0356745625797828,347.770431345545
131.791213750411,2,0.604561610867273,1,0.0307803260223096,186.977671019011
234.817411153276,4,0.530034619796751,0.25,0.0197932801221921,375.97587146113
-16.5880476397838,4,0.280851038002274,0.25,0.0140986063385632,-10.3279840640327
264.066020259712,1,0.339086285163941,4,0.12802430222615,394.312353086715
164.372109735635,4,0.584446117005568,0.25,0.00162264204439068,287.686942457692
140.143894219329,3,0.0884973903798762,0.444444444444444,0.0242966086556794,204.006158986056
299.390055764215,3,0.160757478980409,0.444444444444444,0.0404211104037392,485.943753320484
351.457660879546,4,0.316594394041462,0.25,0.179214245470424,571.680659151788
327.903829697103,6,0.463766568133405,0.111111111111111,0.493958713228208,534.453054615188
291.047378545142,3,0.0712442171614439,0.444444444444444,0.166698521888044,439.443157980857
387.588558411525,4,0.0552484030016719,0.25,1.78110340604957,597.701790778849
107.30265175064,6,0.0193660104403529,0.111111111111111,0.0211969623970133,190.092595509
15.4829153740399,2,0.109350089883499,1,9.89066757543531e-12,56.8967506245058
335.447344165382,4,0.546648726284599,0.25,0.0567542123563433,515.395682231277
128.863267002099,1,0.425444157170961,4,0.0303675389040257,214.554526571365
118.272144556346,4,0.486095142556952,0.25,0.00115694527428831,176.332247109498
333.374850006826,6,0.266740692397354,0.111111111111111,0.260970042572233,560.332218231915
231.526344157671,2,0.281479809538606,1,1.59283531982299e-06,370.087170951067
190.087634884036,5,0.274321027950932,0.16,0.353473538661106,319.741203919786
346.523906676395,4,0.217591293285347,0.25,0.0253349707558763,541.215789482284
290.893347105941,4,0.135854993265273,0.25,0.312354299998066,462.477328460469
180.649824096769,1,0.304817237428376,4,6.54205391889137e-05,292.75051219088
229.1763394392,3,0.155609000506248,0.444444444444444,3.02333597383176e-05,395.342198846396
423.905484694508,3,0.108850332561994,0.444444444444444,0.0726270569684107,652.013644686775
285.893789801404,4,0.112872813436536,0.25,0.0869707867297444,426.13703772782
391.079927659815,5,0.0622610507309439,0.16,0.160127658682437,585.773370003036
249.730085904635,6,0.115941454671605,0.111111111111111,0.00421639662152231,409.432165383315
336.839981802637,1,0.0179507676176387,4,0.154369923875214,498.613468188329
327.33685537225,5,0.182516601431486,0.16,0.299272900454417,527.139648439115
197.002872906508,6,0.0670439587551793,0.111111111111111,2.83395145729518e-05,342.689740923064
277.425788320092,5,0.0850769651192255,0.16,0.113270266860836,438.286014007782
41.7530700429815,2,0.283038296260435,1,0.000185157423595219,115.074689420452
209.155739207181,5,0.054188648144501,0.16,0.0701797243459339,356.191229591178
213.212066759263,4,1.13467755800301,0.25,8.4483869665498e-14,365.182046427422
311.855731993962,2,0.267257569261224,1,0.635112812694017,481.402748742425
316.904363828531,3,0.20034717653647,0.444444444444444,2.02928501312415,482.941971414809
350.078930793045,6,0.385695118752107,0.111111111111111,0.280639081158483,566.619907530966
138.656847732001,4,0.33589837878424,0.25,0.0445031853593184,231.537048466716
343.878572848036,3,0.106642081233413,0.444444444444444,0.66542556999069,545.338108311721
400.952288046883,1,0.130827356647971,4,1.14303327811836,586.857685814724
363.003767728086,1,0.869360594832672,4,0.0576810483524137,579.275871482843
442.103224556123,5,1.19747142690396,0.16,0.749836805224498,715.630984318372
316.947912230877,4,1.18771859142539,0.25,0.00313753906955295,472.839174126566
293.134975692763,5,0.246167739685133,0.16,0.0829912946962079,449.266723442258
322.871417357529,6,0.0718421337300454,0.111111111111111,0.380060555919418,485.137324154877
240.528937240903,5,0.65467737694797,0.16,0.00198991210043208,361.88273914857
161.509656815708,3,0.131540959942661,0.444444444444444,2.463827750733e-05,251.677047118392
203.519324011744,1,0.0681480126457133,4,0.00030054939395422,298.638575761741
347.82896715032,5,0.155236216355049,0.16,0.510160062842512,576.102507422287
374.977020227279,1,0.219157744221562,4,0.200795486977851,583.569294280608
233.610116118252,2,0.0764176524068558,1,0.00220120296087233,316.631102025399
237.008467893829,2,0.367234461679948,1,0.153642682314584,367.342468319062
341.587087054203,5,0.455277923811537,0.16,4.73225960502739,545.270353597548
139.521839478385,5,0.290629139496997,0.16,4.01866615131856e-05,227.29419896056
126.525529283828,3,0.0374221962677345,0.444444444444444,0.0063693870182949,230.0147750406
141.062441360717,6,0.501940080774484,0.111111111111111,0.00248610089855682,252.305489452147
189.13414953785,1,0.0270635515930092,4,0.0122527163222611,307.301146801007
312.187778996589,2,0.166765054459164,1,0.0141484026958796,459.887221045356
191.228713619338,4,0.358551153666359,0.25,0.00283561831186078,287.253125873623
-12.7420171388259,4,0.117242099374023,0.25,6.47001241118161e-05,11.13824862698
194.325801815777,4,0.000131766823602175,0.25,0.402579329507868,297.253500812989
230.200870656679,4,0.0896146318167899,0.25,0.00823011087373091,363.861909993533
197.522267593449,3,0.558917724236344,0.444444444444444,0.395734965400301,304.42643311137
382.532182750335,1,0.439946969227545,4,0.370582787656103,579.487732429662
174.766420810314,3,0.0266277660009745,0.444444444444444,0.368275164662257,289.096945370484
255.024679263982,1,0.0469788760815194,4,0.125926455639526,369.930112433278
180.16830323418,6,0.155094495832313,0.111111111111111,8.1614570816594e-07,314.00803492426
173.789875810607,4,0.737432234459303,0.25,0.0188526584745561,306.979827397537
271.937216166211,1,0.678268509819868,4,0.0771079229760717,383.619434298731
371.610818315848,5,0.188226163728892,0.16,0.0632906329614078,531.977593558467
150.551611130859,6,0.384188886251036,0.111111111111111,0.00010518515898312,242.479650023288
375.182493499829,5,0.0680183010890552,0.16,0.00401045130332603,569.436040738925
335.950944373424,5,0.668277825236994,0.16,0.00475248301177861,538.657899412818
420.765013079037,4,0.0500602188809831,0.25,0.305917069724071,652.945365512843
374.207833260361,1,0.362310463750534,4,1.10359482285071,587.92160557456
308.69496604394,4,0.257700959987707,0.25,0.758613131409864,470.644340643322
135.284973376345,4,0.0238282195745534,0.25,0.000447569498345852,251.063714322405
178.063356762691,5,0.022166293169058,0.16,0.000951314771113533,284.487135848195
239.922002599195,3,0.162728389767997,0.444444444444444,0.0410247456029993,328.445836206734
349.447858723535,6,0.367925091524903,0.111111111111111,0.0381857172962064,540.679529459202
76.5753512762494,3,0.345307338914017,0.444444444444444,1.65426142271552e-19,110.17444702745
137.773080259277,1,0.0857210672336912,4,0.000219041969790108,178.342707017209
192.914365837937,5,0.277738957396688,0.16,0.0162481178725372,340.918751311531
307.976137427437,3,0.0688342509000293,0.444444444444444,0.0268146508369075,500.22553889767
159.706714485337,4,0.558235458056176,0.25,0.000869763741806059,262.717131440153
134.932168651978,5,0.185901006080115,0.16,3.98798404989336e-08,272.267339632264
247.405450606117,5,0.297499722653973,0.16,2.40939031638873e-05,401.532196236322
217.247376927466,6,0.412496643327408,0.111111111111111,0.167223996161163,326.061391431106
306.006286461177,4,0.25619520517879,0.25,0.00176162974813615,484.212737641896
78.2356696408463,5,0.0181716210522885,0.16,8.24229570077057e-05,162.292520770242
253.323457973642,3,0.156269303250053,0.444444444444444,0.00135973632747744,404.68707613292
213.899598330314,6,0.138258776903378,0.111111111111111,0.0085869476656561,406.38955338386
229.415994009376,3,0.797676407552697,0.444444444444444,0.00260651299077855,335.551543706355
367.396127436866,6,0.36644485772919,0.111111111111111,0.787858774215079,563.149830177915
255.762360020577,5,0.0270621619543927,0.16,0.027735357744821,394.0878016593
351.176715395171,5,0.752125925294365,0.16,0.353647830560376,535.566259750694
311.90675629508,6,0.460583487787786,0.111111111111111,0.195512898790018,480.472507359542
225.341988926906,2,0.145144949880651,1,2.54840229287875e-11,343.552722881752
266.841221870035,4,0.851991294442442,0.25,0.0296646838687603,428.76128409781
210.378433597314,6,0.717589854739052,0.111111111111111,0.365289616129342,366.830667843219
121.761466122841,1,0.141982606444609,4,0.0165895069332534,218.687438643896
102.415519990236,1,0.0274887699610602,4,0.000127770585167951,150.123950474321
190.745561433058,3,0.440954039327719,0.444444444444444,9.19310633810529e-11,314.216922411074
443.85690226906,3,0.087756361349948,0.444444444444444,0.505955341911487,696.120503705964
306.136242679348,5,0.0352681925332083,0.16,0.0929536827119664,472.514474939739
149.499838483472,3,0.102059132709437,0.444444444444444,0.000166473555642433,259.637318367036
351.131129948353,4,0.0422093294338352,0.25,0.0808635545546569,545.772896190537
171.105610111228,4,0.486962299901573,0.25,5.98579830211772e-05,273.576951775296
180.773385707187,3,0.217174701582754,0.444444444444444,0.175300788884006,303.641095535551
171.193978579236,2,0.0417428121441861,1,0.00267151369214638,249.64371865307
425.084909853827,5,0.311738301099388,0.16,0.273661696726949,668.880542693708
202.551825231906,2,0.494700168437658,1,0.000172840685746095,303.206896206115
215.012325882335,1,0.181677120639467,4,0.189897106315906,385.313843927666
300.053934402214,1,0.26979694811786,4,0.77087879349658,457.470654665484
157.387162526272,3,0.244396129400523,0.444444444444444,0.0631197790993968,272.958194730231
43.143733081176,2,0.0818419089661127,1,1.49754555734238e-10,66.9924640325537
357.792363221817,2,0.115474858823949,1,0.216306801516617,497.642945943779
134.339291751328,6,0.328368026279317,0.111111111111111,0.000155887847127517,260.377457569593
123.861359788702,3,0.0663957964218657,0.444444444444444,0.00735448474264586,202.286487159776
250.803322845039,4,0.119566443615172,0.25,0.00335865473281436,449.811945060916
298.794395995815,3,0.22185064423355,0.444444444444444,1.23181601014401,470.018873904688
257.180322207601,1,0.432653223467711,4,0.126836016849092,349.779429903396
339.368357660775,3,0.636043262136931,0.444444444444444,0.0163059208278142,512.698714400682
108.798569548499,6,0.354853670355672,0.111111111111111,8.45881524875077e-06,236.182854709022
240.726054261454,3,0.223502988902759,0.444444444444444,4.32550099847994e-07,373.887077222287
98.0100639034835,2,0.0733749730445874,1,0.00112492152732482,152.805100243413
273.669596217031,2,0.303654887639452,1,2.84151840075453,401.138162878352
154.25565048871,5,0.00131724584871983,0.16,0.00454456321470914,292.277495686633
167.886314724005,2,0.201183094173065,1,3.77209405251262e-10,291.714437416465
228.602868164071,3,0.0169155839208338,0.444444444444444,0.00218944912695389,358.544982358894
285.801304065338,1,0.262322446341119,4,0.0026112223842568,431.131818954276
277.878846797459,6,0.44458229124631,0.111111111111111,0.159269541449172,445.56497924923
239.071858623016,2,1.00712501143298,1,2.45208427687072e-05,347.054195554415
162.812187417435,6,0.135914258735631,0.111111111111111,0.192479896166775,303.760604585216
266.186742028304,2,0.255971614165858,1,0.182013932508527,409.931851387819
310.550269265166,1,0.146654041262112,4,5.74914880432464e-05,428.770129930258
164.728602814097,1,0.0736338026101056,4,8.23645221727964e-08,245.863212229128
323.024174791855,5,0.324209114342744,0.16,0.520876975082293,499.525859706306
219.799962567469,5,0.208226008196177,0.16,0.000326052189659075,382.3511528133
206.278221465585,5,0.224042975310001,0.16,6.67972573105491e-05,390.160702109538
146.684806101553,6,0.158364086535388,0.111111111111111,0.00648987265147839,262.27535606729
74.4702111499189,1,0.195327663065381,4,0.338500816962502,138.771897205228
331.018507524012,4,0.0339059884236355,0.25,0.0106804504696501,505.256523332448
157.415342734639,6,0.376145753319832,0.111111111111111,0.153760327316764,271.463212144167
117.140769740057,1,0.0450758793257108,4,2.48039459849894e-05,227.455053611665
221.426406721062,6,0.207854884347436,0.111111111111111,0.00359544611040058,384.883589538887
96.0128410714676,5,0.0906151189641447,0.16,0.0271956418104341,194.193506374527
217.156038277348,3,0.101508511121743,0.444444444444444,0.0440039724416975,336.195565546895
52.791534548737,1,0.0972127134632216,4,0.000650209393073843,73.7671603237884
297.912819775264,5,0.332337745044499,0.16,0.580594124887543,480.585098947629
294.29379858193,4,0.481988296135878,0.25,0.11970081541639,463.390573168285
334.983434675624,3,0.0978279461185371,0.444444444444444,1.00722586061295,526.996250010511
236.065129156142,3,1.41960411293758,0.444444444444444,0.523298482101321,404.109523286844
243.899418538352,1,0.0622605931686944,4,0.27752012176186,367.237021077512
81.1979874114676,5,0.0506916801541534,0.16,3.91820901098136e-05,195.103074763991
345.247792601386,4,0.185421153507667,0.25,0.00548690445503381,505.350436257607
146.738921355784,6,0.0365089973250964,0.111111111111111,0.00043099970406246,285.454287313656
226.993155002671,1,0.16675155491046,4,9.14076075980712e-08,351.856387435426
281.544692061695,4,0.0415412079050373,0.25,1.84257476763859,444.460623513604
194.440685844726,1,0.041098986226747,4,0.00523245422277597,275.724729997064
355.033242261053,4,0.894100009744059,0.25,0.0513976702446043,573.011142507157
64.9406009553597,1,0.38932652105863,4,0.000497029478827912,112.68130026096
197.354894840429,6,0.112354376594158,0.111111111111111,0.00121328793704178,363.158725750861
201.044525950772,5,0.697000374579929,0.16,0.076425944137261,299.461648372643
133.331105210343,1,0.0826713160106113,4,1.28978569125127e-05,237.078366812453
220.958922080034,3,0.0518704135732865,0.444444444444444,0.111573905524447,392.284848579917
348.651379332763,5,0.0687921780807206,0.16,0.405689249771173,582.964629133483
330.071782564333,6,0.482482274410815,0.111111111111111,0.460545552505189,579.547902663234
60.4774132630267,1,0.0732047290868849,4,0.0196997067347515,119.320279165967
357.326952806539,5,0.644022869262745,0.16,0.164597712158208,583.103324410013
64.8670734399009,6,0.364577707305665,0.111111111111111,0.00195189355969473,148.882934488664
357.126295094244,6,0.0787633095448575,0.111111111111111,0.208148098740349,569.24698779206
287.57388576437,2,0.490497167302848,1,1.46013935263953,429.968121674479
293.214848935299,5,0.0766662577396025,0.16,0.823969718072004,485.368741454675
367.745880751252,6,0.689794719057297,0.111111111111111,0.00396386694757349,585.602850292266
320.872312399424,5,0.104532343647254,0.16,0.593680352520982,475.678383021267
330.912350006975,3,0.239827276224788,0.444444444444444,0.00480550584173022,537.620369573086
303.559957619579,3,0.529992756742746,0.444444444444444,0.139145696558317,466.736571016874
286.308777488967,3,0.00758506726856574,0.444444444444444,0.0671299701461594,432.14424354021
115.240963276259,3,0.252853356967133,0.444444444444444,0.116432924343554,195.224843481204
268.270565132213,5,0.711228058507507,0.16,0.0453827829627726,430.046317175471
200.427943016875,6,0.0588091783531996,0.111111111111111,0.0166993424350926,338.424587818205
249.354081571508,1,0.0654566880823361,4,0.00446453594662597,365.780651259498
327.752957865409,3,0.0909497412026495,0.444444444444444,0.0114019055675647,517.055343014117
414.265736384678,6,0.147078229196611,0.111111111111111,0.140576797857066,671.611687040915
280.18989971691,1,0.170388202452875,4,0.0115276201304172,429.336347053957
323.608442478258,4,0.590136241950126,0.25,0.000697807766175035,539.955322589039
204.527390625576,5,0.205065598361926,0.16,0.0817105654599593,323.73622564182
350.865201340244,5,0.411406748639496,0.16,1.14634763641105,571.393519714324
224.660845196045,1,0.0435484486681235,4,0.0114968047276587,357.735692579289
346.36914006221,6,0.201949593916597,0.111111111111111,0.0037747602951802,569.262997181527
286.198678347643,5,0.298718575006508,0.16,5.73107042431323e-13,456.530974608268
373.694728455119,5,0.111045892044382,0.16,0.0454909314290096,582.054654535124
64.9981784246326,5,0.373842835672093,0.16,8.324956427092e-11,92.708667425154
80.2920567897406,5,0.479105279546992,0.16,6.73133046393741e-06,183.967787460802
312.28837039535,1,0.16775606510086,4,0.0598560500209555,459.03963128013
209.738979762808,6,0.152072395820121,0.111111111111111,0.00129747611855331,373.780865767923
394.400912308691,5,0.173271832925727,0.16,0.0130146324897642,639.954092090637
273.981812279824,1,0.360168853606589,4,0.00140201682852341,401.434009617294
310.48215378802,3,0.145523566863138,0.444444444444444,0.0587512799341401,490.138315108773
286.276055346621,3,0.393944715991003,0.444444444444444,0.152950928889248,416.908677044627
202.799487358023,4,0.394249904022461,0.25,0.00119868442482161,353.513995448413
262.180717348168,4,0.433531144509159,0.25,0.166155918311497,421.72317735497
309.447015081385,1,0.0666078259714115,4,0.115084146775159,436.291679470265
87.954241501286,2,0.245168660571387,1,0.00138848754214945,139.386241549952
343.312088787778,1,0.696161708056649,4,4.67706150484067,539.526152277975
169.886301425192,6,0.432900994641368,0.111111111111111,0.379355286562691,291.029885066308
304.017460369706,2,0.0573433654877072,1,0.0824119249927961,471.423628237904
325.012774037245,5,0.0248995204757669,0.16,0.00748534855377035,551.086225930381
137.562470195301,2,0.908380633084211,1,0.00127597689438615,220.833767120353
359.796500485164,4,0.241016245863227,0.25,0.811259742344621,528.233053126524
412.069805836661,5,0.574416502729498,0.16,0.267998698328664,659.688896396863
172.776978380052,3,0.0472459235138925,0.444444444444444,0.00226359073068894,269.794414448455
383.425879305842,2,0.171247064437873,1,0.0153511086140439,568.601144310876
239.886695708213,6,0.106830262530365,0.111111111111111,0.0788730226049512,438.025118259804
244.669272693068,1,0.171907384874311,4,0.415948295844628,402.736572986201
387.516590760074,6,0.0847888673840703,0.111111111111111,0.021142226580911,631.759284401494
216.739198326174,6,0.324320246878089,0.111111111111111,0.244999696195975,354.190064307419
222.294005758999,4,0.0505194437581311,0.25,0.980671033269623,361.620928681041
196.031315012782,1,0.322496135765506,4,0.00580542250885061,308.373028298391
